Case,Configuration,Wind Condition,Simulations,Success Rate (%),Mean Apogee (m),Std Apogee (m),Mean Flight Time (s),Std Flight Time (s),Mean Max Velocity (m/s),Mean Impact Velocity (m/s),2σ Major Axis (m),2σ Minor Axis (m),2σ Area (m²),2σ Radius (m),Major/Minor Ratio
1,Ballistic,high_winds_august,10,100.0,18929.93906667924,332.0368790885913,129.540216712892,1.070589965271763,812.3297102581337,-339.0726594042932,12629.007592959013,1727.5402344503088,68540499.94984458,4670.879867649685,7.310398531457344
2,Drogue Only,high_winds_august,10,100.0,18870.789637249203,356.2100516982419,129.33566710368387,1.1534299406240096,812.3406318220043,-339.08968444919304,12596.315989628794,1477.4343302416207,58465760.836920954,4313.957542402224,8.525804316168005
3,Main at Apogee,high_winds_august,10,100.0,18752.25542686116,46.845604226436315,128.95231481239026,0.15726519278856485,812.3609261256456,-338.6594735698996,2397.8250801395943,816.4969247903161,6150662.888895124,1399.2200699386326,2.936722732612101
4,Ballistic,typical_august,10,100.0,19684.072563187718,470.2426835645487,131.99064590103114,1.5262709903302694,812.6293766431519,-342.4471809431185,11374.445977943287,3205.5763410904674,114547667.23410478,6038.348691480695,3.54833102308022
5,Drogue Only,typical_august,10,100.0,17919.248090462417,5409.280140247437,128.78437273603885,10.02281885248777,799.8269656614887,-309.85591141211637,6443.259839343578,2999.548086585686,60717145.65383678,4396.233356235474,2.1480768613640686
6,Main at Apogee,typical_august,10,100.0,18291.143957038672,4870.245356906855,146.53729641405704,41.39801687827844,812.670888984034,-310.1577465717246,7672.874944649974,4309.83316096268,103888733.31216098,5750.548745673942,1.7803183227946802
